{

"myList" :
[
{ "Month": "2004/05", "Bolivia": 165, "Ecuador": 938, "Madagascar": 522, "Papua New Guinea": 998, "Rwanda": 450, "Average": 614.6 },
{ "Month": "2004/05", "Bolivia": 135, "Ecuador": 1120, "Madagascar": 599, "Papua New Guinea": 1268, "Rwanda": 288, "Average": 682 },
{ "Month": "2004/05", "Bolivia": 157, "Ecuador": 1167, "Madagascar": 587, "Papua New Guinea": 807, "Rwanda": 397, "Average": 623 },
{ "Month": "2004/05", "Bolivia": 139, "Ecuador": 1110, "Madagascar": 691, "Papua New Guinea": 968, "Rwanda": 215, "Average": 609.4 }
],

  "barData":
  [
    ["Task", "Hours per Day"],
         ["Work",     11],
         ["Eat",      2],
         ["Commute",  2],
         ["Watch TV", 2],
         ["Sleep",    7]
  ],
  "barData1":
  [
    ["Country", "Head count","Attrition count","EWS"],
    ["Germany",700,100,50],
    ["United States",200,100,20],
    ["Brazil",600,100,20],
    ["Canada",300,100,10],
    ["France",300,100,20],
    ["Russia",0,0,0],
    ["India",300,100,20],
    ["Argentina",100,200,20]
  ],
  "GeoData":
  [
["Country", "Head count","Attrition count"],
["Germany", 200,300],
["United States", 300,200],
["Brazil", 400,200],
["Canada", 500,100],
["France", 600,100],
["Russia", 700,100],
["India",400,200],
["Argentina",300,200]
],
"pieData":
[
  ["Task", "Hours per Day"],
       ["Work",     11],
       ["Eat",      2],
       ["Commute",  2],
       ["Watch TV", 2],
       ["Sleep",    7]
],
"columnData":
[
  ["Move", "Percentage"],
  ["King's pawn (e4)", 44],
  ["Queen's pawn (d4)", 31],
  ["Knight to King 3 (Nf3)", 12],
  ["Queen's bishop pawn (c4)", 10],
  ["Other", 3]

],

"ThirdData":
[
  ["Year", "Sales", "Expenses"],
  ["2013",  1000,      400],
  ["2014",  1170,      460],
  ["2015",  660,       1120],
  ["2016",  1030,      540]

],
"comboData":
[
  ["Month", "Bolivia", "Ecuador", "Madagascar", "Papua New Guinea", "Rwanda", "Average"],
  ["2004/05",  165,      938,         522,             998,           450,      614.6],
  ["2005/06",  135,      1120,        599,             1268,          288,      682],
  ["2006/07",  157,      1167,        587,             807,           397,      623],
  ["2007/08",  139,      1110,        615,             968,           215,      609.4],
  ["2008/09",  136,      691,         629,             1026,          366,      569.6]

],
"rangeData":
[
  ["Mon", 28, 28, 38, 38],
  ["Tue", 38, 38, 55, 55],
  ["Wed", 55, 55, 77, 77],
  ["Thu", 77, 77, 66, 66],
  ["Fri", 66, 66, 22, 22]

],

"histoData":
[
["Country", "Head count","Attrition count"],
["Germany", 200,300],
["United States", 300,200],
["Brazil", 400,200],
["Canada", 500,100],
["France", 600,100],
["Russia", 700,100],
["India",400,200],
["Argentina",300,200]
],

"scatterData":
[
["Hours Studied", "Final"],
  [0, 67], [1, 88], [2, 77],
  [3, 93], [4, 85], [5, 91],
  [6, 71], [7, 78], [8, 93],
  [9, 80], [10, 82],[0, 75],
  [5, 80], [3, 90], [1, 72],
  [5, 75], [6, 68], [7, 98],
  [3, 82], [9, 94], [2, 79],
  [2, 95], [2, 86], [3, 67],
  [4, 60], [2, 80], [6, 92],
  [2, 81], [8, 79], [9, 83],
  [3, 75], [1, 80], [3, 71],
  [3, 89], [4, 92], [5, 85],
  [6, 92], [7, 78], [6, 95],
  [3, 81], [0, 64], [4, 85],
  [2, 83], [3, 96], [4, 77],
  [5, 89], [4, 89], [7, 84],
  [4, 92], [9, 98]

]
}
