
{
  "sample":[
  {"sets": ["Total Count"], "size": 100},
  {"sets": ["Sample Count"], "size": 40},
  {"sets": ["Allocated Count"], "size": 30},
  {"sets": ["Pending Count"], "size": 10},
   {"sets": ["Total Count","Sample Count"], "size": 40},
   {"sets": ["Total Count","Allocated Count"], "size": 30},
   {"sets": ["Total Count","Pending Count"], "size": 10},
   {"sets": ["Sample Count","Allocated Count"], "size": 30},
   {"sets": ["Sample Count","Pending Count"], "size": 10}
]
}
